CREATE TABLE Member (
	MNO	NUMBER		NOT NULL,
	MID	VARCHAR2(50)		NOT NULL,
	MPW	VARCHAR2(50)		NOT NULL,
	MNICKNAME	VARCHAR2(50)		NOT NULL,
	MEMAIL	VARCHAR2(50)		NOT NULL,
	MADDRESS	VARCHAR2(50)		NOT NULL,
	MPHONE	VARCHAR2(50)		NOT NULL,
	STATUS	VARCHAR2(1)	DEFAULT 'Y'	NOT NULL
);

CREATE TABLE Club (
	CNO	NUMBER		NOT NULL,
	CNAME	VARCHAR2(50)		NOT NULL,
	COPENINGDATE	DATE	DEFAULT SYSDATE	NOT NULL
);

CREATE TABLE Board (
	BNO	NUMBER		NOT NULL,
	MNO	NUMBER		NOT NULL,
	KBNO	NUMBER		NOT NULL,
	BTITLE	VARCHAR2(300)		NOT NULL,
	BDATE	DATE	DEFAULT SYSDATE	NOT NULL,
	BCONTENT	VARCHAR2(3000)		NOT NULL,
	STATUS	VARCHAR(3)	DEFAULT 'N'	NOT NULL
);

CREATE TABLE Review (
	RVNO	NUMBER		NOT NULL,
	KBNO	NUMBER		NOT NULL,
	BNO	NUMBER		NOT NULL,
	RCNO	NUMBER		NOT NULL,
	STAR	NUMBER		NOT NULL
);

CREATE TABLE Category (
	CATENO	NUMBER		NOT NULL,
	CATENAME	VARCHAR(50)		NOT NULL
);

CREATE TABLE Calendar (
	CALNO	NUMBER		NOT NULL,
	KBNO	NUMBER		NOT NULL,
	ST_SCHEDULE	DATE	DEFAULT SYSDATE	NOT NULL,
	EN_SCHEDULE	DATE	DEFAULT SYSDATE	NOT NULL
);

CREATE TABLE Reply (
	RNO	NUMBER		NOT NULL,
	BNO	NUMBER		NOT NULL,
	MNO	NUMBER		NOT NULL,
	RDATE	DATE	DEFAULT SYSDATE	NOT NULL,
	RCOMPLAINT	NUMBER	DEFAULT 0	NOT NULL,
	RCONTENT	VARCHAR2(3000)		NOT NULL,
	PARENT_RNO	NUMBER		NOT NULL,
	STATUS	VARCHAR(1)	DEFAULT 'N'	NOT NULL
);

CREATE TABLE Notification (
	NNO	NUMBER		NOT NULL,
	KBNO	NUMBER		NOT NULL,
	NFILEPATH	VARCHAR2(255)	NULL
);

CREATE TABLE InquiryGroup (
	IGNO	NUMBER		NOT NULL,
	KIND_OF_INQUIRY	VARCHAR2(50)		NOT NULL
);

CREATE TABLE SmallGroup (
	SGNO	NUMBER		NOT NULL,
	SGNAME	VARCHAR2(50)		NOT NULL
);

CREATE TABLE CategoryBoard (
	CBNO	NUMBER		NOT NULL,
	CNO	NUMBER		NOT NULL,
	KBNO	NUMBER		NOT NULL,
	SGCNO	NUMBER		NOT NULL,
	RCNO	NUMBER	DEFAULT 0	NOT NULL,
	COMPLAIN	NUMBER	DEFAULT 0	NOT NULL,
	VIEWS	NUMBER	DEFAULT 0	NOT NULL,
	SCRAP	NUMBER	DEFAULT 0	NOT NULL,
	CBIMG	VARCHAR2(255)		NULL,
	MAX_COUNT	NUMBER		NOT NULL,
	CUR_COUNT	NUMBER	DEFAULT 1	NOT NULL
);

CREATE TABLE Inquiry (
	INO	NUMBER		NOT NULL,
	IGNO	NUMBER		NOT NULL,
	KBNO	NUMBER		NOT NULL,
	ORGFILENAMES	VARCHAR2(300)		NULL,
	CHGFILENAMES	VARCHAR2(300)		NULL
);

CREATE TABLE BookCategory (
	BCNO	NUMBER		NOT NULL,
	CBNO	NUMBER		NOT NULL,
	MNO	NUMBER		NOT NULL
);

CREATE TABLE KindOfBoard (
	KBNO	NUMBER		NOT NULL,
	KBNAME	VARCHAR2(50)		NOT NULL
);

CREATE TABLE MemberClub (
	RFCNO	NUMBER		NOT NULL,
	MNO	NUMBER		NULL,
	CNO	NUMBER		NULL
);

CREATE TABLE SmallGroupCategory (
	SGCNO	NUMBER		NOT NULL,
	SGNO	NUMBER		NOT NULL,
	CATENO	NUMBER		NOT NULL
);

CREATE TABLE BoardCategoryBoard (
	BCBNO	NUMBER		NOT NULL,
	BNO	NUMBER		NOT NULL,
	CBNO	NUMBER		NOT NULL
);

CREATE TABLE BoardReview (
	BRNO	NUMBER		NOT NULL,
	RVNO	NUMBER		NOT NULL,
	BNO	NUMBER		NOT NULL
);

CREATE TABLE BoardCalendar (
	BCALNO	NUMBER		NOT NULL,
	BNO	NUMBER		NOT NULL,
	CALNO	NUMBER		NOT NULL
);

CREATE TABLE CategoryBoardComplain (
	CBCNO	NUMBER		NOT NULL,
	MNO	NUMBER		NOT NULL,
	CBNO	NUMBER		NOT NULL
);

CREATE TABLE CategoryBoardRecommand (
	CBRNO	NUMBER		NOT NULL,
	MNO	NUMBER		NOT NULL,
	CBNO	NUMBER		NOT NULL
);

CREATE TABLE MemberReviewRecommand (
	MRCNO	NUMBER		NOT NULL,
	RVNO	NUMBER		NOT NULL,
	MNO	NUMBER		NOT NULL
);

CREATE TABLE CalendarCategoryBoard (
	CCBNO	NUMBER		NOT NULL,
	CBNO	NUMBER		NOT NULL,
	CALNO	NUMBER		NOT NULL
);

CREATE TABLE BoardInquiry (
	BINO	number		NOT NULL,
	BNO	NUMBER		NOT NULL,
	INO	NUMBER		NOT NULL
);

ALTER TABLE Member ADD CONSTRAINT PK_MEMBER PRIMARY KEY (
	MNO
);

ALTER TABLE Club ADD CONSTRAINT PK_CLUB PRIMARY KEY (
	CNO
);

ALTER TABLE Board ADD CONSTRAINT PK_BOARD PRIMARY KEY (
	BNO
);

ALTER TABLE Review ADD CONSTRAINT PK_REVIEW PRIMARY KEY (
	RVNO
);

ALTER TABLE Category ADD CONSTRAINT PK_CATEGORY PRIMARY KEY (
	CATENO
);

ALTER TABLE Calendar ADD CONSTRAINT PK_CALENDAR PRIMARY KEY (
	CALNO
);

ALTER TABLE Reply ADD CONSTRAINT PK_REPLY PRIMARY KEY (
	RNO
);

ALTER TABLE Notification ADD CONSTRAINT PK_NOTIFICATION PRIMARY KEY (
	NNO
);

ALTER TABLE InquiryGroup ADD CONSTRAINT PK_INQUIRYGROUP PRIMARY KEY (
	IGNO
);

ALTER TABLE SmallGroup ADD CONSTRAINT PK_SMALLGROUP PRIMARY KEY (
	SGNO
);

ALTER TABLE CategoryBoard ADD CONSTRAINT PK_CATEGORYBOARD PRIMARY KEY (
	CBNO
);

ALTER TABLE Inquiry ADD CONSTRAINT PK_INQUIRY PRIMARY KEY (
	INO
);

ALTER TABLE BookCategory ADD CONSTRAINT PK_BOOKCATEGORY PRIMARY KEY (
	BCNO
);

ALTER TABLE KindOfBoard ADD CONSTRAINT PK_KINDOFBOARD PRIMARY KEY (
	KBNO
);

ALTER TABLE MemberClub ADD CONSTRAINT PK_MEMBERCLUB PRIMARY KEY (
	RFCNO
);

ALTER TABLE SmallGroupCategory ADD CONSTRAINT PK_SMALLGROUPCATEGORY PRIMARY KEY (
	SGCNO
);

ALTER TABLE BoardCategoryBoard ADD CONSTRAINT PK_BOARDCATEGORYBOARD PRIMARY KEY (
	BCBNO
);

ALTER TABLE BoardReview ADD CONSTRAINT PK_BOARDREVIEW PRIMARY KEY (
	BRNO
);

ALTER TABLE BoardCalendar ADD CONSTRAINT PK_BOARDCALENDAR PRIMARY KEY (
	BCALNO
);

ALTER TABLE CategoryBoardComplain ADD CONSTRAINT PK_CATEGORYBOARDCOMPLAIN PRIMARY KEY (
	CBCNO
);

ALTER TABLE CategoryBoardRecommand ADD CONSTRAINT PK_CATEGORYBOARDRECOMMAND PRIMARY KEY (
	CBRNO
);

ALTER TABLE MemberReviewRecommand ADD CONSTRAINT PK_MEMBERREVIEWRECOMMAND PRIMARY KEY (
	MRCNO
);

ALTER TABLE CalendarCategoryBoard ADD CONSTRAINT PK_CALENDARCATEGORYBOARD PRIMARY KEY (
	CCBNO
);

ALTER TABLE BoardInquiry ADD CONSTRAINT PK_BOARDINQUIRY PRIMARY KEY (
	BINO
);

ALTER TABLE Board ADD CONSTRAINT FK_Md_1 FOREIGN KEY (
	MNO
)
REFERENCES Member (
	MNO
);

ALTER TABLE Board ADD CONSTRAINT FK_Kird_1 FOREIGN KEY (
	KBNO
)
REFERENCES KindOfBoard (
	KBNO
);

ALTER TABLE Review ADD CONSTRAINT FK_Kew_1 FOREIGN KEY (
	KBNO
)
REFERENCES KindOfBoard (
	KBNO
);

ALTER TABLE Review ADD CONSTRAINT FK_Bow_1 FOREIGN KEY (
	BNO
)
REFERENCES Board (
	BNO
);

ALTER TABLE Calendar ADD CONSTRAINT FK_Kar_1 FOREIGN KEY (
	KBNO
)
REFERENCES KindOfBoard (
	KBNO
);

ALTER TABLE Reply ADD CONSTRAINT FK_Bly_1 FOREIGN KEY (
	BNO
)
REFERENCES Board (
	BNO
);

ALTER TABLE Reply ADD CONSTRAINT FK_M_1 FOREIGN KEY (
	MNO
)
REFERENCES Member (
	MNO
);

ALTER TABLE Notification ADD CONSTRAINT FK_Kon_1 FOREIGN KEY (
	KBNO
)
REFERENCES KindOfBoard (
	KBNO
);

ALTER TABLE CategoryBoard ADD CONSTRAINT FK_Crd_1 FOREIGN KEY (
	CNO
)
REFERENCES Club (
	CNO
);

ALTER TABLE CategoryBoard ADD CONSTRAINT FK_KiBoard_1 FOREIGN KEY (
	KBNO
)
REFERENCES KindOfBoard (
	KBNO
);

ALTER TABLE CategoryBoard ADD CONSTRAINT FK_Smalloard_1 FOREIGN KEY (
	SGCNO
)
REFERENCES SmallGroupCategory (
	SGCNO
);

ALTER TABLE Inquiry ADD CONSTRAINT FK_Inqry_1 FOREIGN KEY (
	IGNO
)
REFERENCES InquiryGroup (
	IGNO
);

ALTER TABLE Inquiry ADD CONSTRAINT FK_Kuiry_1 FOREIGN KEY (
	KBNO
)
REFERENCES KindOfBoard (
	KBNO
);

ALTER TABLE BookCategory ADD CONSTRAINT FK_Catory_1 FOREIGN KEY (
	CBNO
)
REFERENCES CategoryBoard (
	CBNO
);

ALTER TABLE BookCategory ADD CONSTRAINT FK_M_Booory_1 FOREIGN KEY (
	MNO
)
REFERENCES Member (
	MNO
);

ALTER TABLE MemberClub ADD CONSTRAINT FK_MTO_lub_1 FOREIGN KEY (
	MNO
)
REFERENCES Member (
	MNO
);

ALTER TABLE MemberClub ADD CONSTRAINT FK_Club_TO_lub_1 FOREIGN KEY (
	CNO
)
REFERENCES Club (
	CNO
);

ALTER TABLE SmallGroupCategory ADD CONSTRAINT FK_SmallGroup_TO_SGrry_1 FOREIGN KEY (
	SGNO
)
REFERENCES SmallGroup (
	SGNO
);

ALTER TABLE SmallGroupCategory ADD CONSTRAINT FK_Category_TO_SmGCy_1 FOREIGN KEY (
	CATENO
)
REFERENCES Category (
	CATENO
);

ALTER TABLE BoardCategoryBoard ADD CONSTRAINT FK_Board_TO_BCBoard_1 FOREIGN KEY (
	BNO
)
REFERENCES Board (
	BNO
);

ALTER TABLE BoardCategoryBoard ADD CONSTRAINT FK_CBoard_TO_BCBoard_1 FOREIGN KEY (
	CBNO
)
REFERENCES CategoryBoard (
	CBNO
);

ALTER TABLE BoardReview ADD CONSTRAINT FK_Review_TO_Bview_1 FOREIGN KEY (
	RVNO
)
REFERENCES Review (
	RVNO
);

ALTER TABLE BoardReview ADD CONSTRAINT FK_Board_TO_BReview_1 FOREIGN KEY (
	BNO
)
REFERENCES Board (
	BNO
);

ALTER TABLE BoardCalendar ADD CONSTRAINT FK_Board_TO_B_1 FOREIGN KEY (
	BNO
)
REFERENCES Board (
	BNO
);

ALTER TABLE BoardCalendar ADD CONSTRAINT FK_C_TO_B_1 FOREIGN KEY (
	CALNO
)
REFERENCES Calendar (
	CALNO
);

ALTER TABLE CategoryBoardComplain ADD CONSTRAINT FK_M_TO_CB_1 FOREIGN KEY (
	MNO
)
REFERENCES Member (
	MNO
);

ALTER TABLE CategoryBoardComplain ADD CONSTRAINT FK_CB_TO_CB_1 FOREIGN KEY (
	CBNO
)
REFERENCES CategoryBoard (
	CBNO
);

ALTER TABLE CategoryBoardRecommand ADD CONSTRAINT FK_M_TO_CBR_1 FOREIGN KEY (
	MNO
)
REFERENCES Member (
	MNO
);

ALTER TABLE CategoryBoardRecommand ADD CONSTRAINT FK_CB_TO_CBR_1 FOREIGN KEY (
	CBNO
)
REFERENCES CategoryBoard (
	CBNO
);

ALTER TABLE MemberReviewRecommand ADD CONSTRAINT FK_R_TO_MRR_1 FOREIGN KEY (
	RVNO
)
REFERENCES Review (
	RVNO
);

ALTER TABLE MemberReviewRecommand ADD CONSTRAINT FK_M_TO_MRR_1 FOREIGN KEY (
	MNO
)
REFERENCES Member (
	MNO
);

ALTER TABLE CalendarCategoryBoard ADD CONSTRAINT FK_CB_TO_CCB_1 FOREIGN KEY (
	CBNO
)
REFERENCES CategoryBoard (
	CBNO
);

ALTER TABLE CalendarCategoryBoard ADD CONSTRAINT FK_C_TO_CCB_1 FOREIGN KEY (
	CALNO
)
REFERENCES Calendar (
	CALNO
);

ALTER TABLE BoardInquiry ADD CONSTRAINT FK_B_TO_BI_1 FOREIGN KEY (
	BNO
)
REFERENCES Board (
	BNO
);

ALTER TABLE BoardInquiry ADD CONSTRAINT FK_I_TO_B_1 FOREIGN KEY (
	INO
)
REFERENCES Inquiry (
	INO
);

CREATE SEQUENCE SEQ_MNO;
CREATE SEQUENCE SEQ_BCALNO;
CREATE SEQUENCE SEQ_CBCNO;
CREATE SEQUENCE SEQ_CALNO;
CREATE SEQUENCE SEQ_CCBNO;
CREATE SEQUENCE SEQ_BCBNO;
CREATE SEQUENCE SEQ_BRNO;
CREATE SEQUENCE SEQ_BNO;
CREATE SEQUENCE SEQ_RNO;
CREATE SEQUENCE SEQ_BINO;
CREATE SEQUENCE SEQ_CBNO;
CREATE SEQUENCE SEQ_RVNO;
CREATE SEQUENCE SEQ_KBNO;
CREATE SEQUENCE SEQ_INO;
CREATE SEQUENCE SEQ_CNO;
CREATE SEQUENCE SEQ_BCNO;
CREATE SEQUENCE SEQ_CATENO;
CREATE SEQUENCE SEQ_SGNO;
CREATE SEQUENCE SEQ_SGCNO;
CREATE SEQUENCE SEQ_MRCNO;
CREATE SEQUENCE SEQ_IGNO;
CREATE SEQUENCE SEQ_RFCNO;
CREATE SEQUENCE SEQ_CBRNO;
CREATE SEQUENCE SEQ_NNO;



INSERT INTO KINDOFBOARD VALUES(1, '카테고리');
INSERT INTO KINDOFBOARD VALUES(2, '리뷰');
INSERT INTO KINDOFBOARD VALUES(3, '캘린더');
INSERT INTO KINDOFBOARD VALUES(10, '1:1문의');

INSERT INTO INQUIRYGROUP VALUES (1, '계정 관련 문의');
INSERT INTO INQUIRYGROUP VALUES (2, '불편사항 관련 문의');
INSERT INTO INQUIRYGROUP VALUES (3, '소모임 관련 문의');


INSERT INTO CATEGORY VALUES(1, '문화ㆍ예술');
INSERT INTO CATEGORY VALUES(2, '액티비티');
INSERT INTO CATEGORY VALUES(3, '푸드ㆍ드링크');
INSERT INTO CATEGORY VALUES(4, '취미');
INSERT INTO CATEGORY VALUES(5, '여행');
INSERT INTO CATEGORY VALUES(6, '자기계발');
INSERT INTO CATEGORY VALUES(7, '모임ㆍ게임');

INSERT INTO SMALLGROUP VALUES(1, '영화');
INSERT INTO SMALLGROUP VALUES(2, '공연');
INSERT INTO SMALLGROUP VALUES(3, '전시');
INSERT INTO SMALLGROUP VALUES(4, '연극');
INSERT INTO SMALLGROUP VALUES(5, '뮤지컬');
INSERT INTO SMALLGROUP VALUES(6, '페스티벌');
INSERT INTO SMALLGROUP VALUES(7, '헬스');
INSERT INTO SMALLGROUP VALUES(8, '산책');
INSERT INTO SMALLGROUP VALUES(9, '러닝');
INSERT INTO SMALLGROUP VALUES(10, '등산');
INSERT INTO SMALLGROUP VALUES(11, '요가');
INSERT INTO SMALLGROUP VALUES(12, '스포츠');
INSERT INTO SMALLGROUP VALUES(13, '서핑');
INSERT INTO SMALLGROUP VALUES(14, '맛집');
INSERT INTO SMALLGROUP VALUES(15, '카페');
INSERT INTO SMALLGROUP VALUES(16, '베이킹');
INSERT INTO SMALLGROUP VALUES(17, '소주ㆍ맥주');
INSERT INTO SMALLGROUP VALUES(18, '칵테일ㆍ와인');
INSERT INTO SMALLGROUP VALUES(19, '독서');
INSERT INTO SMALLGROUP VALUES(20, '음악');
INSERT INTO SMALLGROUP VALUES(21, '사진');
INSERT INTO SMALLGROUP VALUES(22, '댄스');
INSERT INTO SMALLGROUP VALUES(23, '악기');
INSERT INTO SMALLGROUP VALUES(24, '글쓰기');
INSERT INTO SMALLGROUP VALUES(25, '그림');
INSERT INTO SMALLGROUP VALUES(26, '명상');
INSERT INTO SMALLGROUP VALUES(27, '봉사활동');
INSERT INTO SMALLGROUP VALUES(28, '국내여행');
INSERT INTO SMALLGROUP VALUES(29, '해외여행');
INSERT INTO SMALLGROUP VALUES(30, '놀이공원');
INSERT INTO SMALLGROUP VALUES(31, '캠핑');
INSERT INTO SMALLGROUP VALUES(32, '피크닉');
INSERT INTO SMALLGROUP VALUES(33, '드라이브');
INSERT INTO SMALLGROUP VALUES(34, '스터디');
INSERT INTO SMALLGROUP VALUES(35, '자기계발');
INSERT INTO SMALLGROUP VALUES(36, '동네친구');
INSERT INTO SMALLGROUP VALUES(37, '취향친구');
INSERT INTO SMALLGROUP VALUES(38, '파티원');

INSERT INTO SMALLGROUPCATEGORY VALUES(1, 1 , 1);
INSERT INTO SMALLGROUPCATEGORY VALUES(2, 2 , 1);
INSERT INTO SMALLGROUPCATEGORY VALUES(3, 3 , 1);
INSERT INTO SMALLGROUPCATEGORY VALUES(4, 4 , 1);
INSERT INTO SMALLGROUPCATEGORY VALUES(5, 5 , 1);
INSERT INTO SMALLGROUPCATEGORY VALUES(6, 6 , 1);
INSERT INTO SMALLGROUPCATEGORY VALUES(7, 7 , 2);
INSERT INTO SMALLGROUPCATEGORY VALUES(8, 8 , 2);
INSERT INTO SMALLGROUPCATEGORY VALUES(9, 9  , 2);
INSERT INTO SMALLGROUPCATEGORY VALUES(10, 10 , 2);
INSERT INTO SMALLGROUPCATEGORY VALUES(11, 11 , 2);
INSERT INTO SMALLGROUPCATEGORY VALUES(12, 12 , 2);
INSERT INTO SMALLGROUPCATEGORY VALUES(13, 13 , 2);
INSERT INTO SMALLGROUPCATEGORY VALUES(14, 14 , 3);
INSERT INTO SMALLGROUPCATEGORY VALUES(15, 15 , 3);
INSERT INTO SMALLGROUPCATEGORY VALUES(16, 16 , 3);
INSERT INTO SMALLGROUPCATEGORY VALUES(17, 17 , 3);
INSERT INTO SMALLGROUPCATEGORY VALUES(18, 18 , 3);
INSERT INTO SMALLGROUPCATEGORY VALUES(19, 19 , 4);
INSERT INTO SMALLGROUPCATEGORY VALUES(20, 20 , 4);
INSERT INTO SMALLGROUPCATEGORY VALUES(21, 21 , 4);
INSERT INTO SMALLGROUPCATEGORY VALUES(22, 22 , 4);
INSERT INTO SMALLGROUPCATEGORY VALUES(23, 23 , 4);
INSERT INTO SMALLGROUPCATEGORY VALUES(24, 24 , 4);
INSERT INTO SMALLGROUPCATEGORY VALUES(25, 25 , 4);
INSERT INTO SMALLGROUPCATEGORY VALUES(26, 26 , 4);
INSERT INTO SMALLGROUPCATEGORY VALUES(27, 27 , 4);
INSERT INTO SMALLGROUPCATEGORY VALUES(28, 28 , 5);
INSERT INTO SMALLGROUPCATEGORY VALUES(29, 29 , 5);
INSERT INTO SMALLGROUPCATEGORY VALUES(30, 30 , 5);
INSERT INTO SMALLGROUPCATEGORY VALUES(31, 31 , 5);
INSERT INTO SMALLGROUPCATEGORY VALUES(32, 32 , 5);
INSERT INTO SMALLGROUPCATEGORY VALUES(33, 33 , 5);
INSERT INTO SMALLGROUPCATEGORY VALUES(34, 34 , 6);
INSERT INTO SMALLGROUPCATEGORY VALUES(35, 35 , 6);
INSERT INTO SMALLGROUPCATEGORY VALUES(36, 36 , 7);
INSERT INTO SMALLGROUPCATEGORY VALUES(37, 37 , 7);
INSERT INTO SMALLGROUPCATEGORY VALUES(38, 38 , 7);
